path,category,product_line,subtopic,title
"policy_docs/banking/BANK-POL-001-account-status.txt","policy","banking","account_status","Meridian Banking Account Status and Eligibility"
"policy_docs/banking/BANK-POL-002-account-types.txt","policy","banking","account_types","Meridian Banking Account Types and Recurring Payment Use"
"policy_docs/banking/BANK-POL-003-auto-debit-eligibility.txt","policy","banking","auto_debit","Meridian Auto-Debit Eligibility Policy"
"policy_docs/banking/BANK-POL-004-recurring-payment-policy.txt","policy","banking","recurring_payments","Meridian Recurring Payment Administration Policy"
"policy_docs/banking/BANK-POL-005-transaction-processing.txt","policy","banking","transactions","Meridian Transaction Processing and History Policy"
"policy_docs/banking/BANK-POL-006-account-restriction-policy.txt","policy","banking","restrictions","Meridian Account Restriction and Payment Control Policy"
"policy_docs/banking/BANK-POL-007-account-security-and-data-minimization.txt","policy","banking","security","Meridian Account Security and Data Minimization Policy"
"policy_docs/banking/BANK-POL-008-failed-payment-policy.txt","policy","banking","failed_payments","Meridian Failed Recurring Payment Policy"
"policy_docs/insurance/INS-POL-001-premium-payment-terms.txt","policy","insurance","premium_payment","Meridian Insurance Premium Payment Terms"
"policy_docs/insurance/INS-POL-002-auto-debit-policy.txt","policy","insurance","auto_debit","Meridian Insurance Auto-Debit Policy"
"policy_docs/insurance/INS-POL-003-policy-status.txt","policy","insurance","policy_status","Meridian Insurance Policy Status and Payment Implications"
"policy_docs/insurance/INS-POL-004-health-insurance-terms.txt","policy","insurance","health","Meridian Health Insurance Operating Terms"
"policy_docs/insurance/INS-POL-005-general-insurance-terms.txt","policy","insurance","general","Meridian General Insurance Operating Terms"
"policy_docs/insurance/INS-POL-006-auto-insurance-terms.txt","policy","insurance","auto","Meridian Auto Insurance Operating Terms"
"policy_docs/insurance/INS-POL-007-home-insurance-terms.txt","policy","insurance","home","Meridian Home Insurance Operating Terms"
"policy_docs/insurance/INS-POL-008-life-insurance-terms.txt","policy","insurance","life","Meridian Life Insurance Operating Terms"
"policy_docs/insurance/INS-CLAIM-001-claim-status.txt","policy","insurance","claim_status","Meridian Claim Status Interpretation Policy"
"policy_docs/insurance/INS-CLAIM-002-claim-submission.txt","policy","insurance","claim_submission","Meridian Claim Submission Guidance"
"policy_docs/insurance/INS-CLAIM-003-claim-review.txt","policy","insurance","claim_review","Meridian Claim Review Process Guidance"
"policy_docs/insurance/INS-CLAIM-004-claim-decision.txt","policy","insurance","claim_decision","Meridian Claim Decision Communication Guidance"
"policy_docs/wealth/WEALTH-POL-001-risk-profiles.txt","policy","wealth","risk_profiles","Meridian Investment Risk Profile Policy"
"policy_docs/wealth/WEALTH-POL-002-product-suitability.txt","policy","wealth","suitability","Meridian Investment Product Suitability Policy"
"policy_docs/wealth/WEALTH-POL-003-portfolio-status.txt","policy","wealth","portfolio_status","Meridian Portfolio Status and Access Policy"
"policy_docs/wealth/WEALTH-POL-004-investment-risk-disclosure.txt","policy","wealth","risk_disclosure","Meridian Investment Risk Disclosure Policy"
"policy_docs/wealth/WEALTH-POL-005-portfolio-management.txt","policy","wealth","portfolio_management","Meridian Portfolio Management Guidance"
"policy_docs/wealth/WEALTH-POL-006-retirement-investment-policy.txt","policy","wealth","retirement","Meridian Retirement Investment Guidance"
"policy_docs/wealth/WEALTH-POL-007-investment-fees-and-costs.txt","policy","wealth","fees","Meridian Investment Fees and Cost Disclosure Policy"
"product_docs/wealth/PROD-001-balanced-growth-fund.txt","product","wealth","PROD-001","Meridian Balanced Growth Fund"
"product_docs/wealth/PROD-002-treasury-etf.txt","product","wealth","PROD-002","Meridian Treasury ETF"
"product_docs/wealth/PROD-003-corporate-bond-fund.txt","product","wealth","PROD-003","Meridian Corporate Bond Fund"
"product_docs/wealth/PROD-004-secure-income-annuity.txt","product","wealth","PROD-004","Meridian Secure Income Annuity"
"product_docs/wealth/PROD-005-global-equity-etf.txt","product","wealth","PROD-005","Meridian Global Equity ETF"
"product_docs/wealth/PROD-006-value-opportunities-fund.txt","product","wealth","PROD-006","Meridian Value Opportunities Fund"
"product_docs/wealth/PROD-007-municipal-bond.txt","product","wealth","PROD-007","Meridian Municipal Bond"
"product_docs/wealth/PROD-008-technology-leaders-etf.txt","product","wealth","PROD-008","Meridian Technology Leaders ETF"
"product_docs/wealth/PROD-009-capital-preservation-fund.txt","product","wealth","PROD-009","Meridian Capital Preservation Fund"
"product_docs/wealth/PROD-010-emerging-markets-fund.txt","product","wealth","PROD-010","Meridian Emerging Markets Fund"
"faqs/banking/BANK-FAQ-001-account-faq.txt","faq","banking","account_status","Banking Account FAQ"
"faqs/banking/BANK-FAQ-002-auto-debit-faq.txt","faq","banking","auto_debit","Banking Auto-Debit FAQ"
"faqs/banking/BANK-FAQ-003-transaction-faq.txt","faq","banking","transactions","Banking Transaction FAQ"
"faqs/banking/BANK-FAQ-004-recurring-payment-faq.txt","faq","banking","recurring_payments","Banking Recurring Payment FAQ"
"faqs/insurance/INS-FAQ-001-premium-payment.txt","faq","insurance","premium_payment","Insurance Premium Payment FAQ"
"faqs/insurance/INS-FAQ-002-auto-debit.txt","faq","insurance","auto_debit","Insurance Auto-Debit FAQ"
"faqs/insurance/INS-FAQ-003-claims.txt","faq","insurance","claim_status","Insurance Claims FAQ"
"faqs/insurance/INS-FAQ-004-policy-status.txt","faq","insurance","policy_status","Insurance Policy Status FAQ"
"faqs/wealth/WEALTH-FAQ-001-risk-profile.txt","faq","wealth","risk_profiles","Wealth Risk Profile FAQ"
"faqs/wealth/WEALTH-FAQ-002-product-suitability.txt","faq","wealth","suitability","Investment Product Suitability FAQ"
"faqs/wealth/WEALTH-FAQ-003-portfolio.txt","faq","wealth","portfolio_status","Portfolio FAQ"
"faqs/wealth/WEALTH-FAQ-004-investment-products.txt","faq","wealth","suitability","Investment Products FAQ"
"policy_docs/cross_product/CROSS-POL-001-bank-insurance-payments.txt","policy","cross_product","bank_insurance","Banking and Insurance Payment Integration Policy"
"policy_docs/cross_product/CROSS-POL-002-account-policy-conflict.txt","policy","cross_product","conflict","Structured and Unstructured Conflict Resolution Policy"
"policy_docs/cross_product/CROSS-POL-003-cross-product-customer-support.txt","policy","cross_product","support","Cross-Product Concierge Support Policy"
"policy_docs/cross_product/CROSS-POL-004-payment-eligibility-decision.txt","policy","cross_product","eligibility","Cross-Product Payment Eligibility Decision Policy"
"regulatory_notes/REG-001-data-minimization.txt","regulatory","cross_product","data_minimization","Meridian Data Minimization and Disclosure Note"
"regulatory_notes/REG-002-customer-authorization.txt","regulatory","cross_product","authorization","Meridian Customer Authorization and Consent Note"
"regulatory_notes/REG-003-compliance-escalation.txt","regulatory","cross_product","escalation_response","Meridian Compliance Escalation and Override Note"
"regulatory_notes/REG-004-financial-safeguarding.txt","regulatory","cross_product","safeguarding","Meridian Financial Safeguarding Note"
"communication_templates/COM-001-routine-response.txt","template","cross_product","routine","Meridian Routine Customer Response Templates"
"communication_templates/COM-002-escalation-response.txt","template","cross_product","escalation_response","Meridian Escalation Response Templates"
"communication_templates/COM-003-payment-response.txt","template","cross_product","payment","Meridian Payment Eligibility Response Templates"
"faqs/test/TEST-001-retrieval-conflict.txt","test","cross_product","retrieval_conflict","Retrieval Conflict Test Corpus"
"faqs/test/TEST-002-prompt-injection.txt","test","cross_product","prompt_injection","Prompt Injection Test Corpus"
"faqs/test/TEST-003-unsupported-claim.txt","test","cross_product","unsupported_claim","Unsupported Claim Validation Corpus"
"faqs/test/TEST-004-server-unavailable.txt","test","cross_product","server_unavailable","MCP Server Unavailable Test Corpus"